,success,reward,,,,,0.740294991
0,0.638461538,-1.910823077,,,,,0.907692308
1,0.784615385,-1.279515385,,,,,0
2,0.723076923,-1.654796154,,,,,
3,0.738461538,-1.566157692,,,,,0.78893272
4,0.761538462,-1.545280769,,,,,
5,0.830769231,-1.505126923,,,,,0.043485086
6,0.730769231,-1.815873077,,,,,
7,0.8,-1.370261538,,,,,
8,0.7,-1.835715385,,,,,
9,0.753846154,-1.700373077,,,,,
10,0.7,-1.769742308,,,,,
11,0.692307692,-1.761203846,,,,,
12,0.753846154,-1.643273077,,,,,
13,0.761538462,-1.497576923,,,,,
14,0.715384615,-1.5577,,,,,
15,0.730769231,-1.727107692,,,,,
16,0.761538462,-1.55515,,,,,
17,0.823076923,-1.336465385,,,,,
18,0.715384615,-1.665642308,,,,,
19,0.738461538,-1.515430769,,,,,
20,0.753846154,-1.614873077,,,,,
21,0.738461538,-1.584980769,,,,,
22,0.8,-1.443842308,,,,,
23,0.838461538,-1.30525,,,,,
24,0.730769231,-1.79715,,,,,
25,0.761538462,-1.549630769,,,,,
26,0.653846154,-1.814619231,,,,,
27,0.746153846,-1.555769231,,,,,
28,0.730769231,-1.7304,,,,,
29,0.707692308,-1.698796154,,,,,
30,0.738461538,-1.646584615,,,,,
31,0.784615385,-1.564107692,,,,,
32,0.761538462,-1.620611538,,,,,
33,0.769230769,-1.629119231,,,,,
34,0.776923077,-1.520942308,,,,,
35,0.746153846,-1.764073077,,,,,
36,0.776923077,-1.598588462,,,,,
37,0.684615385,-1.93675,,,,,
38,0.761538462,-1.530411538,,,,,
39,0.807692308,-1.364653846,,,,,
40,0.8,-1.417719231,,,,,
41,0.715384615,-1.809838462,,,,,
42,0.753846154,-1.497842308,,,,,
43,0.792307692,-1.632196154,,,,,
44,0.876923077,-1.2271,,,,,
45,0.707692308,-1.585815385,,,,,
46,0.692307692,-1.623096154,,,,,
47,0.723076923,-1.565565385,,,,,
48,0.753846154,-1.653557692,,,,,
49,0.730769231,-1.550142308,,,,,
50,0.669230769,-1.658784615,,,,,
51,0.715384615,-1.748973077,,,,,
52,0.746153846,-1.504519231,,,,,
53,0.784615385,-1.487346154,,,,,
54,0.769230769,-1.564892308,,,,,
55,0.746153846,-1.547246154,,,,,
56,0.753846154,-1.585092308,,,,,
57,0.776923077,-1.569269231,,,,,
58,0.730769231,-1.671592308,,,,,
59,0.738461538,-1.902680769,,,,,
60,0.815384615,-1.311161538,,,,,
61,0.738461538,-1.774176923,,,,,
62,0.753846154,-1.45815,,,,,
63,0.715384615,-1.814830769,,,,,
64,0.730769231,-1.65395,,,,,
65,0.776923077,-1.493142308,,,,,
66,0.769230769,-1.627630769,,,,,
67,0.738461538,-1.455269231,,,,,
68,0.776923077,-1.550638462,,,,,
69,0.730769231,-1.748523077,,,,,
70,0.753846154,-1.548673077,,,,,
71,0.761538462,-1.525942308,,,,,
72,0.730769231,-1.530957692,,,,,
73,0.730769231,-1.520242308,,,,,
74,0.753846154,-1.460757692,,,,,
75,0.784615385,-1.557792308,,,,,
76,0.807692308,-1.427003846,,,,,
77,0.784615385,-1.335884615,,,,,
78,0.776923077,-1.448476923,,,,,
79,0.776923077,-1.492646154,,,,,
80,0.776923077,-1.469034615,,,,,
81,0.7,-1.724261538,,,,,
82,0.807692308,-1.325046154,,,,,
83,0.823076923,-1.354253846,,,,,
84,0.792307692,-1.526742308,,,,,
85,0.715384615,-1.806946154,,,,,
86,0.753846154,-1.434815385,,,,,
87,0.792307692,-1.831676923,,,,,
88,0.753846154,-1.698934615,,,,,
89,0.692307692,-1.871219231,,,,,
90,0.761538462,-1.458026923,,,,,
91,0.761538462,-1.402926923,,,,,
92,0.738461538,-1.737003846,,,,,
93,0.784615385,-1.812365385,,,,,
94,0.738461538,-1.810119231,,,,,
95,0.784615385,-1.469888462,,,,,
96,0.792307692,-1.394161538,,,,,
97,0.730769231,-1.723346154,,,,,
98,0.738461538,-1.504907692,,,,,
99,0.784615385,-1.497019231,,,,,
100,0.776923077,-1.645234615,,,,,
101,0.784615385,-1.423923077,,,,,
102,0.707692308,-1.538526923,,,,,
103,0.761538462,-1.624288462,,,,,
104,0.723076923,-1.950953846,,,,,
105,0.776923077,-1.440673077,,,,,
106,0.792307692,-1.545157692,,,,,
107,0.776923077,-1.662526923,,,,,
108,0.738461538,-1.608273077,,,,,
109,0.792307692,-1.429388462,,,,,
110,0.761538462,-1.496976923,,,,,
111,0.792307692,-1.640553846,,,,,
112,0.830769231,-1.405023077,,,,,
113,0.730769231,-1.632265385,,,,,
114,0.753846154,-1.740730769,,,,,
115,0.692307692,-2.027119231,,,,,
116,0.630769231,-1.766303846,,,,,
117,0.723076923,-1.513615385,,,,,
118,0.684615385,-1.827323077,,,,,
119,0.761538462,-1.678880769,,,,,
120,0.746153846,-1.633469231,,,,,
121,0.723076923,-1.797811538,,,,,
122,0.746153846,-2.027592308,,,,,
123,0.792307692,-1.47815,,,,,
124,0.784615385,-1.531257692,,,,,
125,0.784615385,-1.670719231,,,,,
126,0.784615385,-1.538626923,,,,,
127,0.769230769,-1.627546154,,,,,
128,0.776923077,-1.639461538,,,,,
129,0.769230769,-1.679261538,,,,,
130,0.707692308,-2.215180769,,,,,
131,0.715384615,-1.749238462,,,,,
132,0.6,-2.391780769,,,,,
133,0.730769231,-1.782311538,,,,,
134,0.769230769,-1.449315385,,,,,
135,0.792307692,-1.488703846,,,,,
136,0.753846154,-1.597084615,,,,,
137,0.769230769,-1.535411538,,,,,
138,0.815384615,-1.3906,,,,,
139,0.746153846,-1.800519231,,,,,
140,0.784615385,-1.469838462,,,,,
141,0.676923077,-1.99865,,,,,
142,0.838461538,-1.435715385,,,,,
143,0.776923077,-1.556723077,,,,,
144,0.769230769,-1.499503846,,,,,
145,0.684615385,-1.834338462,,,,,
146,0.792307692,-1.326907692,,,,,
147,0.746153846,-1.34265,,,,,
148,0.869230769,-1.351973077,,,,,
149,0.769230769,-1.480226923,,,,,
150,0.761538462,-1.578473077,,,,,
151,0.823076923,-1.454284615,,,,,
152,0.776923077,-1.420169231,,,,,
153,0.784615385,-1.671519231,,,,,
154,0.715384615,-2.025515385,,,,,
155,0.746153846,-1.587803846,,,,,
156,0.776923077,-1.531003846,,,,,
157,0.8,-1.327434615,,,,,
158,0.784615385,-1.440611538,,,,,
159,0.723076923,-1.590115385,,,,,
160,0.8,-1.560757692,,,,,
161,0.884615385,-1.217307692,,,,,
162,0.761538462,-1.703626923,,,,,
163,0.746153846,-1.61345,,,,,
164,0.8,-1.758469231,,,,,
165,0.753846154,-1.423307692,,,,,
166,0.707692308,-1.614057692,,,,,
167,0.769230769,-1.442515385,,,,,
168,0.830769231,-1.410738462,,,,,
169,0.730769231,-1.489461538,,,,,
170,0.776923077,-1.476523077,,,,,
171,0.769230769,-1.583619231,,,,,
172,0.753846154,-1.703184615,,,,,
173,0.746153846,-1.583165385,,,,,
174,0.784615385,-1.378511538,,,,,
175,0.823076923,-1.291423077,,,,,
176,0.815384615,-1.35325,,,,,
177,0.738461538,-1.699134615,,,,,
178,0.792307692,-1.413588462,,,,,
179,0.815384615,-1.436234615,,,,,
180,0.776923077,-1.597238462,,,,,
181,0.861538462,-1.245388462,,,,,
182,0.738461538,-1.364784615,,,,,
183,0.784615385,-1.436380769,,,,,
184,0.7,-1.745326923,,,,,
185,0.784615385,-1.504792308,,,,,
186,0.707692308,-1.492453846,,,,,
187,0.807692308,-1.401515385,,,,,
188,0.753846154,-1.501207692,,,,,
189,0.807692308,-1.544661538,,,,,
190,0.723076923,-1.639996154,,,,,
191,0.761538462,-1.521638462,,,,,
192,0.876923077,-1.243065385,,,,,
193,0.761538462,-1.595480769,,,,,
194,0.761538462,-1.458773077,,,,,
195,0.692307692,-1.661903846,,,,,
196,0.753846154,-1.669476923,,,,,
197,0.784615385,-1.581080769,,,,,
198,0.753846154,-1.489226923,,,,,
199,0.753846154,-1.717834615,,,,,
200,0.753846154,-1.471369231,,,,,
201,0.823076923,-1.245123077,,,,,
202,0.776923077,-1.420346154,,,,,
203,0.876923077,-1.238846154,,,,,
204,0.823076923,-1.399992308,,,,,
205,0.723076923,-1.590711538,,,,,
206,0.807692308,-1.240303846,,,,,
207,0.761538462,-1.558119231,,,,,
208,0.815384615,-1.412426923,,,,,
209,0.776923077,-1.598996154,,,,,
210,0.8,-1.404126923,,,,,
211,0.876923077,-1.248219231,,,,,
212,0.753846154,-1.371703846,,,,,
213,0.8,-1.422276923,,,,,
214,0.823076923,-1.293923077,,,,,
215,0.807692308,-1.478938462,,,,,
216,0.761538462,-1.463165385,,,,,
217,0.823076923,-1.311534615,,,,,
218,0.784615385,-1.539776923,,,,,
219,0.730769231,-1.507511538,,,,,
220,0.753846154,-1.609980769,,,,,
221,0.738461538,-1.603396154,,,,,
222,0.815384615,-1.224565385,,,,,
223,0.853846154,-1.413230769,,,,,
224,0.715384615,-1.801338462,,,,,
225,0.753846154,-1.736546154,,,,,
226,0.784615385,-1.557788462,,,,,
227,0.738461538,-1.625980769,,,,,
228,0.769230769,-1.582553846,,,,,
229,0.815384615,-1.3323,,,,,
230,0.807692308,-1.279615385,,,,,
231,0.761538462,-1.685615385,,,,,
232,0.823076923,-1.272361538,,,,,
233,0.792307692,-1.438446154,,,,,
234,0.707692308,-1.640888462,,,,,
235,0.830769231,-1.356069231,,,,,
236,0.815384615,-1.261426923,,,,,
237,0.769230769,-1.383792308,,,,,
238,0.707692308,-1.819392308,,,,,
239,0.807692308,-1.340907692,,,,,
240,0.792307692,-1.678511538,,,,,
241,0.776923077,-1.532107692,,,,,
242,0.815384615,-1.302069231,,,,,
243,0.723076923,-1.703226923,,,,,
244,0.815384615,-1.391811538,,,,,
245,0.792307692,-1.695111538,,,,,
246,0.707692308,-1.606930769,,,,,
247,0.838461538,-1.276196154,,,,,
248,0.692307692,-1.974980769,,,,,
249,0.8,-1.338961538,,,,,
250,0.769230769,-1.414696154,,,,,
251,0.776923077,-1.335115385,,,,,
252,0.807692308,-1.26025,,,,,
253,0.730769231,-1.555061538,,,,,
254,0.776923077,-1.502596154,,,,,
255,0.761538462,-1.597938462,,,,,
256,0.792307692,-1.42825,,,,,
257,0.807692308,-1.462396154,,,,,
258,0.776923077,-1.5471,,,,,
259,0.830769231,-1.220188462,,,,,
260,0.8,-1.307676923,,,,,
261,0.730769231,-1.466276923,,,,,
262,0.807692308,-1.362607692,,,,,
263,0.784615385,-1.43915,,,,,
264,0.730769231,-1.636165385,,,,,
265,0.8,-1.433626923,,,,,
266,0.792307692,-1.459626923,,,,,
267,0.746153846,-1.636926923,,,,,
268,0.792307692,-1.526811538,,,,,
269,0.846153846,-1.286865385,,,,,
270,0.830769231,-1.384811538,,,,,
271,0.8,-1.408080769,,,,,
272,0.776923077,-1.324792308,,,,,
273,0.746153846,-1.611111538,,,,,
274,0.784615385,-1.728873077,,,,,
275,0.830769231,-1.320753846,,,,,
276,0.769230769,-1.47995,,,,,
277,0.753846154,-1.485430769,,,,,
278,0.784615385,-1.579253846,,,,,
279,0.723076923,-1.590776923,,,,,
280,0.8,-1.315088462,,,,,
281,0.830769231,-1.299188462,,,,,
282,0.769230769,-1.549811538,,,,,
283,0.8,-1.300803846,,,,,
284,0.776923077,-1.600188462,,,,,
285,0.815384615,-1.574396154,,,,,
286,0.815384615,-1.328211538,,,,,
287,0.792307692,-1.377742308,,,,,
288,0.792307692,-1.333938462,,,,,
289,0.815384615,-1.314734615,,,,,
290,0.746153846,-1.549726923,,,,,
291,0.807692308,-1.628226923,,,,,
292,0.715384615,-1.567369231,,,,,
293,0.723076923,-1.532907692,,,,,
294,0.815384615,-1.468396154,,,,,
295,0.784615385,-1.486065385,,,,,
296,0.838461538,-1.241311538,,,,,
297,0.830769231,-1.450557692,,,,,
298,0.815384615,-1.547892308,,,,,
299,0.830769231,-1.436103846,,,,,
300,0.8,-1.496657692,,,,,
301,0.853846154,-1.190988462,,,,,
302,0.807692308,-1.391096154,,,,,
303,0.830769231,-1.314980769,,,,,
304,0.823076923,-1.416657692,,,,,
305,0.8,-1.359361538,,,,,
306,0.784615385,-1.450911538,,,,,
307,0.807692308,-1.457492308,,,,,
308,0.861538462,-1.230861538,,,,,
309,0.807692308,-1.571815385,,,,,
310,0.7,-1.713846154,,,,,
311,0.846153846,-1.341107692,,,,,
312,0.723076923,-1.542553846,,,,,
313,0.776923077,-1.499230769,,,,,
314,0.769230769,-1.570026923,,,,,
315,0.815384615,-1.393065385,,,,,
316,0.853846154,-1.32825,,,,,
317,0.830769231,-1.223888462,,,,,
318,0.838461538,-1.285488462,,,,,
319,0.738461538,-1.966119231,,,,,
320,0.776923077,-1.53175,,,,,
321,0.792307692,-1.435746154,,,,,
322,0.830769231,-1.352157692,,,,,
323,0.776923077,-1.311757692,,,,,
324,0.869230769,-1.240373077,,,,,
325,0.846153846,-1.265184615,,,,,
326,0.761538462,-1.405996154,,,,,
327,0.815384615,-1.481138462,,,,,
328,0.776923077,-1.479292308,,,,,
329,0.7,-1.728665385,,,,,
330,0.823076923,-1.324888462,,,,,
331,0.769230769,-1.556480769,,,,,
332,0.730769231,-1.52285,,,,,
333,0.830769231,-1.330276923,,,,,
334,0.846153846,-1.422173077,,,,,
335,0.8,-1.358876923,,,,,
336,0.815384615,-1.327261538,,,,,
337,0.784615385,-1.540957692,,,,,
338,0.830769231,-1.329911538,,,,,
339,0.715384615,-1.443388462,,,,,
340,0.761538462,-1.419715385,,,,,
341,0.769230769,-1.546092308,,,,,
342,0.838461538,-1.282442308,,,,,
343,0.838461538,-1.230503846,,,,,
344,0.815384615,-1.314569231,,,,,
345,0.746153846,-1.710934615,,,,,
346,0.8,-1.452661538,,,,,
347,0.846153846,-1.319707692,,,,,
348,0.838461538,-1.265146154,,,,,
349,0.830769231,-1.464084615,,,,,
350,0.761538462,-1.444742308,,,,,
351,0.830769231,-1.321953846,,,,,
352,0.823076923,-1.393376923,,,,,
353,0.815384615,-1.535569231,,,,,
354,0.838461538,-1.26015,,,,,
355,0.815384615,-1.629607692,,,,,
356,0.784615385,-1.422038462,,,,,
357,0.792307692,-1.4643,,,,,
358,0.823076923,-1.273438462,,,,,
359,0.830769231,-1.23555,,,,,
360,0.776923077,-1.45755,,,,,
361,0.823076923,-1.342580769,,,,,
362,0.838461538,-1.2781,,,,,
363,0.753846154,-1.606776923,,,,,
364,0.761538462,-1.592173077,,,,,
365,0.838461538,-1.304265385,,,,,
366,0.792307692,-1.369111538,,,,,
367,0.815384615,-1.276680769,,,,,
368,0.784615385,-1.310176923,,,,,
369,0.769230769,-1.488365385,,,,,
370,0.769230769,-1.300738462,,,,,
371,0.815384615,-1.322276923,,,,,
372,0.784615385,-1.455711538,,,,,
373,0.746153846,-1.53515,,,,,
374,0.830769231,-1.315746154,,,,,
375,0.846153846,-1.348515385,,,,,
376,0.823076923,-1.42435,,,,,
377,0.761538462,-1.559080769,,,,,
378,0.830769231,-1.3603,,,,,
379,0.761538462,-1.537234615,,,,,
380,0.753846154,-1.435276923,,,,,
381,0.807692308,-1.56905,,,,,
382,0.776923077,-1.399011538,,,,,
383,0.830769231,-1.3358,,,,,
384,0.792307692,-1.619896154,,,,,
385,0.738461538,-1.957976923,,,,,
386,0.723076923,-1.64805,,,,,
387,0.784615385,-1.471907692,,,,,
388,0.784615385,-1.327688462,,,,,
389,0.807692308,-1.246211538,,,,,
390,0.776923077,-1.461934615,,,,,
391,0.738461538,-1.433296154,,,,,
392,0.807692308,-1.431826923,,,,,
393,0.761538462,-1.612865385,,,,,
394,0.838461538,-1.559884615,,,,,
395,0.792307692,-1.457923077,,,,,
396,0.8,-1.442726923,,,,,
397,0.846153846,-1.205230769,,,,,
398,0.792307692,-1.724646154,,,,,
399,0.815384615,-1.356623077,,,,,
400,0.792307692,-1.332896154,,,,,
401,0.807692308,-1.319376923,,,,,
402,0.815384615,-1.334,,,,,
403,0.792307692,-1.439146154,,,,,
404,0.784615385,-1.404042308,,,,,
405,0.830769231,-1.499603846,,,,,
406,0.8,-1.284553846,,,,,
407,0.776923077,-1.308676923,,,,,
408,0.8,-1.289357692,,,,,
409,0.815384615,-1.319442308,,,,,
410,0.830769231,-1.157973077,,,,,
411,0.838461538,-1.331384615,,,,,
412,0.753846154,-1.394280769,,,,,
413,0.876923077,-1.092830769,,,,,
414,0.838461538,-1.21315,,,,,
415,0.876923077,-1.192365385,,,,,
416,0.8,-1.410734615,,,,,
417,0.776923077,-1.409346154,,,,,
418,0.815384615,-1.317853846,,,,,
419,0.807692308,-1.357896154,,,,,
420,0.784615385,-1.476692308,,,,,
421,0.8,-1.367673077,,,,,
422,0.776923077,-1.549580769,,,,,
423,0.815384615,-1.68925,,,,,
424,0.846153846,-1.249930769,,,,,
425,0.792307692,-1.370180769,,,,,
426,0.846153846,-1.235511538,,,,,
427,0.830769231,-1.300661538,,,,,
428,0.784615385,-1.644888462,,,,,
429,0.815384615,-1.33205,,,,,
430,0.807692308,-1.341103846,,,,,
431,0.861538462,-1.203553846,,,,,
432,0.838461538,-1.238276923,,,,,
433,0.830769231,-1.211796154,,,,,
434,0.807692308,-1.423119231,,,,,
435,0.8,-1.434926923,,,,,
436,0.876923077,-1.163957692,,,,,
437,0.769230769,-1.351023077,,,,,
438,0.838461538,-1.394757692,,,,,
439,0.769230769,-1.476157692,,,,,
440,0.830769231,-1.424769231,,,,,
441,0.8,-1.295030769,,,,,
442,0.784615385,-1.377353846,,,,,
443,0.792307692,-1.428203846,,,,,
444,0.823076923,-1.396134615,,,,,
445,0.830769231,-1.208565385,,,,,
446,0.776923077,-1.383403846,,,,,
447,0.792307692,-1.428561538,,,,,
448,0.753846154,-1.718996154,,,,,
449,0.792307692,-1.389334615,,,,,
450,0.853846154,-1.21275,,,,,
451,0.784615385,-1.364426923,,,,,
452,0.815384615,-1.437865385,,,,,
453,0.823076923,-1.309157692,,,,,
454,0.8,-1.363861538,,,,,
455,0.892307692,-1.274803846,,,,,
456,0.830769231,-1.213934615,,,,,
457,0.815384615,-1.238442308,,,,,
458,0.769230769,-1.314076923,,,,,
459,0.807692308,-1.295996154,,,,,
460,0.8,-1.286053846,,,,,
461,0.753846154,-1.500792308,,,,,
462,0.761538462,-1.456219231,,,,,
463,0.8,-1.349503846,,,,,
464,0.846153846,-1.332923077,,,,,
465,0.761538462,-1.516257692,,,,,
466,0.8,-1.402069231,,,,,
467,0.792307692,-1.307992308,,,,,
468,0.815384615,-1.472942308,,,,,
469,0.761538462,-1.582465385,,,,,
470,0.838461538,-1.283711538,,,,,
471,0.746153846,-1.840023077,,,,,
472,0.792307692,-1.416846154,,,,,
473,0.769230769,-1.444061538,,,,,
474,0.8,-1.352276923,,,,,
475,0.823076923,-1.202780769,,,,,
476,0.792307692,-1.233807692,,,,,
477,0.8,-1.522153846,,,,,
478,0.823076923,-1.394830769,,,,,
479,0.853846154,-1.245357692,,,,,
480,0.815384615,-1.307234615,,,,,
481,0.830769231,-1.396984615,,,,,
482,0.753846154,-1.505792308,,,,,
483,0.776923077,-1.682003846,,,,,
484,0.784615385,-1.489876923,,,,,
485,0.838461538,-1.324907692,,,,,
486,0.776923077,-1.558626923,,,,,
487,0.807692308,-1.365484615,,,,,
488,0.838461538,-1.323465385,,,,,
489,0.792307692,-1.373692308,,,,,
490,0.792307692,-1.389169231,,,,,
491,0.815384615,-1.428426923,,,,,
492,0.815384615,-1.434576923,,,,,
493,0.776923077,-1.504376923,,,,,
494,0.784615385,-1.387161538,,,,,
495,0.838461538,-1.372573077,,,,,
496,0.761538462,-1.405976923,,,,,
497,0.761538462,-1.451042308,,,,,
498,0.8,-1.442215385,,,,,
499,0.769230769,-1.356373077,,,,,
500,0.807692308,-1.337607692,,,,,
501,0.876923077,-1.157257692,,,,,
502,0.753846154,-1.571088462,,,,,
503,0.746153846,-1.365961538,,,,,
504,0.784615385,-1.368642308,,,,,
505,0.8,-1.2807,,,,,
506,0.8,-1.361411538,,,,,
507,0.807692308,-1.313161538,,,,,
508,0.830769231,-1.227126923,,,,,
509,0.792307692,-1.347019231,,,,,
510,0.823076923,-1.401188462,,,,,
511,0.838461538,-1.231153846,,,,,
512,0.853846154,-1.157965385,,,,,
513,0.746153846,-1.579984615,,,,,
514,0.746153846,-1.679580769,,,,,
515,0.723076923,-1.636392308,,,,,
516,0.823076923,-1.277507692,,,,,
517,0.769230769,-1.288319231,,,,,
518,0.761538462,-1.5222,,,,,
519,0.876923077,-1.26265,,,,,
520,0.792307692,-1.381576923,,,,,
521,0.769230769,-1.455961538,,,,,
522,0.823076923,-1.415453846,,,,,
523,0.807692308,-1.385034615,,,,,
524,0.807692308,-1.364873077,,,,,
525,0.869230769,-1.167646154,,,,,
526,0.8,-1.528826923,,,,,
527,0.784615385,-1.472519231,,,,,
528,0.846153846,-1.267684615,,,,,
529,0.753846154,-1.599153846,,,,,
530,0.8,-1.430742308,,,,,
531,0.838461538,-1.411388462,,,,,
532,0.776923077,-1.475988462,,,,,
533,0.838461538,-1.225665385,,,,,
534,0.876923077,-1.190511538,,,,,
535,0.8,-1.291130769,,,,,
536,0.769230769,-1.435480769,,,,,
537,0.746153846,-1.703373077,,,,,
538,0.869230769,-1.107969231,,,,,
539,0.8,-1.216503846,,,,,
540,0.876923077,-1.160792308,,,,,
541,0.830769231,-1.298607692,,,,,
542,0.807692308,-1.3046,,,,,
543,0.838461538,-1.600903846,,,,,
544,0.807692308,-1.3664,,,,,
545,0.769230769,-1.36825,,,,,
546,0.846153846,-1.234380769,,,,,
547,0.761538462,-1.365903846,,,,,
548,0.753846154,-1.406092308,,,,,
549,0.8,-1.40715,,,,,
550,0.815384615,-1.216742308,,,,,
551,0.761538462,-1.559557692,,,,,
552,0.792307692,-1.355334615,,,,,
553,0.753846154,-1.441480769,,,,,
554,0.784615385,-1.603592308,,,,,
555,0.823076923,-1.464046154,,,,,
556,0.792307692,-1.361407692,,,,,
557,0.784615385,-1.466692308,,,,,
558,0.792307692,-1.435553846,,,,,
559,0.8,-1.429153846,,,,,
560,0.876923077,-1.10155,,,,,
561,0.776923077,-1.3991,,,,,
562,0.907692308,-1.113865385,,,,,
563,0.807692308,-1.355807692,,,,,
564,0.730769231,-1.467711538,,,,,
565,0.823076923,-1.261019231,,,,,
566,0.846153846,-1.199161538,,,,,
567,0.776923077,-1.5485,,,,,
568,0.8,-1.353192308,,,,,
569,0.8,-1.349019231,,,,,
570,0.753846154,-1.511753846,,,,,
571,0.846153846,-1.303607692,,,,,
572,0.830769231,-1.231130769,,,,,
573,0.861538462,-1.268842308,,,,,
574,0.815384615,-1.453553846,,,,,
575,0.830769231,-1.375903846,,,,,
576,0.815384615,-1.3404,,,,,
577,0.738461538,-1.525538462,,,,,
578,0.830769231,-1.249923077,,,,,
579,0.807692308,-1.495780769,,,,,
580,0.753846154,-1.600296154,,,,,
581,0.784615385,-1.44895,,,,,
582,0.807692308,-1.425761538,,,,,
583,0.8,-1.432334615,,,,,
584,0.807692308,-1.338911538,,,,,
585,0.892307692,-1.132684615,,,,,
586,0.838461538,-1.328723077,,,,,
587,0.838461538,-1.282242308,,,,,
588,0.846153846,-1.182138462,,,,,
589,0.807692308,-1.439996154,,,,,
590,0.838461538,-1.306946154,,,,,
591,0.8,-1.278846154,,,,,
592,0.784615385,-1.429207692,,,,,
593,0.8,-1.386688462,,,,,
594,0.861538462,-1.277873077,,,,,
595,0.884615385,-1.300115385,,,,,
596,0.815384615,-1.268369231,,,,,
597,0.823076923,-1.415615385,,,,,
598,0.830769231,-1.248815385,,,,,
599,0.769230769,-1.346861538,,,,,
600,0.792307692,-1.386365385,,,,,
601,0.753846154,-1.471846154,,,,,
602,0.776923077,-1.617230769,,,,,
603,0.823076923,-1.387419231,,,,,
604,0.838461538,-1.207484615,,,,,
605,0.861538462,-1.383923077,,,,,
606,0.823076923,-1.323503846,,,,,
607,0.792307692,-1.325792308,,,,,
608,0.838461538,-1.280646154,,,,,
609,0.776923077,-1.391273077,,,,,
610,0.823076923,-1.294457692,,,,,
611,0.830769231,-1.3083,,,,,
612,0.815384615,-1.334911538,,,,,
613,0.846153846,-1.261757692,,,,,
614,0.807692308,-1.472423077,,,,,
615,0.830769231,-1.333003846,,,,,
616,0.869230769,-1.157092308,,,,,
617,0.761538462,-1.650534615,,,,,
618,0.769230769,-1.489603846,,,,,
619,0.807692308,-1.381988462,,,,,
620,0.853846154,-1.207534615,,,,,
621,0.830769231,-1.309592308,,,,,
622,0.861538462,-1.398957692,,,,,
623,0.853846154,-1.332046154,,,,,
624,0.723076923,-1.692038462,,,,,
625,0.769230769,-1.469296154,,,,,
626,0.738461538,-1.397453846,,,,,
627,0.807692308,-1.277084615,,,,,
628,0.792307692,-1.197246154,,,,,
629,0.776923077,-1.509084615,,,,,
630,0.784615385,-1.381403846,,,,,
631,0.853846154,-1.204246154,,,,,
632,0.838461538,-1.259642308,,,,,
633,0.884615385,-1.1893,,,,,
634,0.846153846,-1.251238462,,,,,
635,0.815384615,-1.35505,,,,,
636,0.861538462,-1.288888462,,,,,
637,0.823076923,-1.262876923,,,,,
638,0.769230769,-1.455653846,,,,,
639,0.761538462,-1.410623077,,,,,
640,0.730769231,-1.504361538,,,,,
641,0.769230769,-1.376261538,,,,,
642,0.776923077,-1.316165385,,,,,
643,0.823076923,-1.519369231,,,,,
644,0.769230769,-1.578996154,,,,,
645,0.8,-1.466446154,,,,,
646,0.776923077,-1.327176923,,,,,
647,0.838461538,-1.294076923,,,,,
648,0.807692308,-1.338003846,,,,,
649,0.8,-1.364676923,,,,,
650,0.738461538,-1.532961538,,,,,
651,0.861538462,-1.301942308,,,,,
652,0.830769231,-1.233596154,,,,,
653,0.830769231,-1.237292308,,,,,
654,0.761538462,-1.397938462,,,,,
655,0.853846154,-1.206023077,,,,,
656,0.838461538,-1.263719231,,,,,
657,0.830769231,-1.560211538,,,,,
658,0.823076923,-1.405130769,,,,,
659,0.784615385,-1.369257692,,,,,
660,0.846153846,-1.235292308,,,,,
661,0.8,-1.362207692,,,,,
662,0.784615385,-1.390973077,,,,,
663,0.807692308,-1.389288462,,,,,
664,0.830769231,-1.364807692,,,,,
665,0.776923077,-1.531723077,,,,,
666,0.769230769,-1.415426923,,,,,
667,0.869230769,-1.286419231,,,,,
668,0.8,-1.313511538,,,,,
669,0.869230769,-1.269,,,,,
670,0.746153846,-1.696907692,,,,,
671,0.776923077,-1.446234615,,,,,
672,0.853846154,-1.298884615,,,,,
673,0.815384615,-1.250938462,,,,,
674,0.8,-1.365965385,,,,,
675,0.784615385,-1.329561538,,,,,
676,0.838461538,-1.355919231,,,,,
677,0.869230769,-1.188546154,,,,,
678,0.792307692,-1.275342308,,,,,
679,0.776923077,-1.36645,,,,,
680,0.823076923,-1.336165385,,,,,
681,0.815384615,-1.365546154,,,,,
682,0.792307692,-1.428307692,,,,,
683,0.815384615,-1.250969231,,,,,
684,0.8,-1.623903846,,,,,
685,0.776923077,-1.352669231,,,,,
686,0.892307692,-1.3345,,,,,
687,0.807692308,-1.286742308,,,,,
688,0.784615385,-1.391776923,,,,,
689,0.869230769,-1.1419,,,,,
690,0.776923077,-1.487938462,,,,,
691,0.823076923,-1.288857692,,,,,
692,0.838461538,-1.358284615,,,,,
693,0.8,-1.577392308,,,,,
694,0.769230769,-1.697503846,,,,,
695,0.753846154,-1.685392308,,,,,
696,0.730769231,-1.586488462,,,,,
697,0.792307692,-1.378526923,,,,,
698,0.707692308,-1.759315385,,,,,
699,0.784615385,-1.3618,,,,,
700,0.8,-1.335526923,,,,,
701,0.807692308,-1.317276923,,,,,
702,0.023076923,-15.38845,,,,,
703,0.030769231,-14.02048462,,,,,
704,0.015384615,-15.62818462,,,,,
705,0.023076923,-16.08015385,,,,,
706,0.053846154,-14.16856154,,,,,
707,0.030769231,-16.70116154,,,,,
708,0.038461538,-14.95836154,,,,,
709,0.030769231,-15.98460769,,,,,
710,0.046153846,-15.38971154,,,,,
711,0.069230769,-13.85598077,,,,,
712,0.030769231,-14.51412308,,,,,
713,0.053846154,-15.66382308,,,,,
714,0.038461538,-14.21791538,,,,,
715,0.015384615,-17.57343077,,,,,
716,0.053846154,-16.66979615,,,,,
717,0.053846154,-14.41422308,,,,,
718,0.038461538,-15.21525,,,,,
719,0.046153846,-15.89176538,,,,,
720,0.023076923,-14.88821154,,,,,
721,0.076923077,-14.00429615,,,,,
722,0.046153846,-17.74742308,,,,,
723,0.046153846,-15.08346538,,,,,
724,0,-16.11653846,,,,,
725,0.053846154,-13.82238846,,,,,
726,0.046153846,-14.45427692,,,,,
727,0.030769231,-14.09068846,,,,,
728,0.030769231,-15.48417692,,,,,
729,0.038461538,-13.75780769,,,,,
730,0.046153846,-14.79770769,,,,,
731,0.030769231,-15.06739231,,,,,
732,0.053846154,-14.38383077,,,,,
733,0.030769231,-16.34947308,,,,,
734,0.053846154,-15.87117692,,,,,
735,0.061538462,-15.06401923,,,,,
736,0.069230769,-14.97774231,,,,,
737,0.046153846,-14.86122692,,,,,
738,0.053846154,-16.28746923,,,,,
739,0.053846154,-15.15263846,,,,,
740,0.061538462,-14.48831538,,,,,
741,0.030769231,-15.77726923,,,,,
742,0.015384615,-15.01515,,,,,
743,0.076923077,-16.88820769,,,,,
744,0.076923077,-16.91768846,,,,,
745,0.061538462,-13.30226538,,,,,
746,0.046153846,-15.20796923,,,,,
747,0.053846154,-17.93561923,,,,,
748,0.053846154,-15.56487308,,,,,
749,0.038461538,-14.46546538,,,,,
750,0.030769231,-15.17278846,,,,,
